[{"id":1,"userId":5,"symbol":"CAT","amount":97},
{"id":2,"userId":5,"symbol":"BAC","amount":119},
{"id":3,"userId":1,"symbol":"T","amount":75},
{"id":4,"userId":1,"symbol":"CSCO","amount":51},
{"id":5,"userId":1,"symbol":"ABC","amount":132},
{"id":6,"userId":6,"symbol":"CHD","amount":105},
{"id":7,"userId":7,"symbol":"GOOGL","amount":76},
{"id":8,"userId":5,"symbol":"AAPL","amount":90},
{"id":9,"userId":3,"symbol":"BAX","amount":103},
{"id":10,"userId":1,"symbol":"T","amount":113},
{"id":11,"userId":6,"symbol":"AAPL","amount":67},
{"id":12,"userId":2,"symbol":"AAPL","amount":81},
{"id":13,"userId":7,"symbol":"CAT","amount":118},
{"id":14,"userId":3,"symbol":"CAH","amount":101},
{"id":15,"userId":6,"symbol":"BBY","amount":111},
{"id":16,"userId":10,"symbol":"BAX","amount":172},
{"id":17,"userId":4,"symbol":"AVGO","amount":71},
{"id":18,"userId":10,"symbol":"AMZN","amount":106},
{"id":19,"userId":8,"symbol":"AXP","amount":123},
{"id":20,"userId":6,"symbol":"ABT","amount":92},
{"id":21,"userId":2,"symbol":"AAPL","amount":120},
{"id":22,"userId":4,"symbol":"CAH","amount":59},
{"id":23,"userId":3,"symbol":"BRK.B","amount":65},
{"id":24,"userId":1,"symbol":"ACN","amount":98},
{"id":25,"userId":5,"symbol":"T","amount":109},
{"id":26,"userId":1,"symbol":"CCL","amount":96},
{"id":27,"userId":4,"symbol":"C","amount":66},
{"id":28,"userId":6,"symbol":"AMZN","amount":41},
{"id":29,"userId":7,"symbol":"CSCO","amount":56},
{"id":30,"userId":4,"symbol":"BMY","amount":54},
{"id":31,"userId":8,"symbol":"KMX","amount":156},
{"id":32,"userId":6,"symbol":"T","amount":141},
{"id":33,"userId":3,"symbol":"GOOG","amount":84},
{"id":34,"userId":1,"symbol":"GOOG","amount":75},
{"id":35,"userId":7,"symbol":"ATVI","amount":77},
{"id":36,"userId":4,"symbol":"CSCO","amount":116},
{"id":37,"userId":9,"symbol":"AKAM","amount":78},
{"id":38,"userId":9,"symbol":"BA","amount":33},
{"id":39,"userId":2,"symbol":"BMY","amount":129},
{"id":40,"userId":10,"symbol":"AAPL","amount":80},
{"id":41,"userId":2,"symbol":"GOOG","amount":111},
{"id":42,"userId":4,"symbol":"AAPL","amount":115},
{"id":43,"userId":10,"symbol":"ACN","amount":220},
{"id":44,"userId":9,"symbol":"T","amount":88},
{"id":45,"userId":4,"symbol":"BMY","amount":114},
{"id":46,"userId":3,"symbol":"AMGN","amount":17},
{"id":47,"userId":4,"symbol":"ADM","amount":107},
{"id":48,"userId":10,"symbol":"AMAT","amount":76},
{"id":49,"userId":9,"symbol":"T","amount":57},
{"id":50,"userId":3,"symbol":"A","amount":111},
{"id":51,"userId":8,"symbol":"GOOGL","amount":110},
{"id":52,"userId":2,"symbol":"APA","amount":121},
{"id":53,"userId":3,"symbol":"ADM","amount":77},
{"id":54,"userId":3,"symbol":"APC","amount":156},
{"id":55,"userId":2,"symbol":"BIIB","amount":124},
{"id":56,"userId":9,"symbol":"AIZ","amount":122},
{"id":57,"userId":9,"symbol":"C","amount":49},
{"id":58,"userId":2,"symbol":"AKAM","amount":42},
{"id":59,"userId":4,"symbol":"AMZN","amount":159},
{"id":60,"userId":2,"symbol":"C","amount":87},
{"id":61,"userId":3,"symbol":"AKAM","amount":122},
{"id":62,"userId":4,"symbol":"CAH","amount":92},
{"id":63,"userId":1,"symbol":"AAPL","amount":172},
{"id":64,"userId":3,"symbol":"AYI","amount":77},
{"id":65,"userId":1,"symbol":"ADBE","amount":112},
{"id":66,"userId":1,"symbol":"AMZN","amount":100},
{"id":67,"userId":4,"symbol":"CSCO","amount":107},
{"id":68,"userId":2,"symbol":"GOOG","amount":81},
{"id":69,"userId":10,"symbol":"AMZN","amount":126},
{"id":70,"userId":7,"symbol":"ABT","amount":107},
{"id":71,"userId":10,"symbol":"CTXS","amount":91},
{"id":72,"userId":3,"symbol":"T","amount":29},
{"id":73,"userId":6,"symbol":"CVX","amount":125},
{"id":74,"userId":5,"symbol":"T","amount":136},
{"id":75,"userId":7,"symbol":"CAT","amount":17},
{"id":76,"userId":8,"symbol":"GOOGL","amount":115},
{"id":77,"userId":8,"symbol":"BRK.B","amount":81},
{"id":78,"userId":2,"symbol":"AMAT","amount":85},
{"id":79,"userId":5,"symbol":"GOOGL","amount":53},
{"id":80,"userId":10,"symbol":"A","amount":64},
{"id":81,"userId":6,"symbol":"BRK.B","amount":94},
{"id":82,"userId":6,"symbol":"CVX","amount":92},
{"id":83,"userId":5,"symbol":"ADM","amount":106},
{"id":84,"userId":4,"symbol":"CBS","amount":126},
{"id":85,"userId":10,"symbol":"ADBE","amount":29},
{"id":86,"userId":9,"symbol":"AJG","amount":61},
{"id":87,"userId":4,"symbol":"AEP","amount":123},
{"id":88,"userId":6,"symbol":"AAPL","amount":74},
{"id":89,"userId":3,"symbol":"AXP","amount":61},
{"id":90,"userId":9,"symbol":"AAPL","amount":109},
{"id":91,"userId":9,"symbol":"ALL","amount":30},
{"id":92,"userId":9,"symbol":"BAC","amount":81},
{"id":93,"userId":1,"symbol":"AMAT","amount":125},
{"id":94,"userId":2,"symbol":"BBY","amount":99},
{"id":95,"userId":1,"symbol":"ATVI","amount":122},
{"id":96,"userId":7,"symbol":"APA","amount":119},
{"id":97,"userId":6,"symbol":"ATVI","amount":129},
{"id":98,"userId":4,"symbol":"CAH","amount":122},
{"id":99,"userId":1,"symbol":"CBS","amount":96},
{"id":100,"userId":4,"symbol":"CA","amount":72},
{"id":101,"userId":3,"symbol":"AES","amount":165},
{"id":102,"userId":4,"symbol":"ATVI","amount":76},
{"id":103,"userId":9,"symbol":"CAT","amount":52},
{"id":104,"userId":2,"symbol":"GOOGL","amount":132},
{"id":105,"userId":10,"symbol":"ADBE","amount":75},
{"id":106,"userId":8,"symbol":"AEP","amount":133},
{"id":107,"userId":9,"symbol":"GOOGL","amount":152},
{"id":108,"userId":10,"symbol":"CBS","amount":63},
{"id":109,"userId":4,"symbol":"BIIB","amount":128},
{"id":110,"userId":7,"symbol":"AAPL","amount":110},
{"id":111,"userId":6,"symbol":"BRK.B","amount":79},
{"id":112,"userId":5,"symbol":"ALXN","amount":155},
{"id":113,"userId":3,"symbol":"GOOGL","amount":52},
{"id":114,"userId":4,"symbol":"CAH","amount":79},
{"id":115,"userId":5,"symbol":"AMZN","amount":77},
{"id":116,"userId":8,"symbol":"AAPL","amount":134},
{"id":117,"userId":4,"symbol":"AMT","amount":101},
{"id":118,"userId":8,"symbol":"MO","amount":67},
{"id":119,"userId":10,"symbol":"BA","amount":122},
{"id":120,"userId":5,"symbol":"ATVI","amount":76},
{"id":121,"userId":9,"symbol":"ATVI","amount":6},
{"id":122,"userId":1,"symbol":"CSCO","amount":58},
{"id":123,"userId":1,"symbol":"BWA","amount":84},
{"id":124,"userId":2,"symbol":"CTXS","amount":151},
{"id":125,"userId":7,"symbol":"GOOGL","amount":101},
{"id":126,"userId":8,"symbol":"A","amount":98},
{"id":127,"userId":4,"symbol":"GOOGL","amount":89},
{"id":128,"userId":1,"symbol":"MMM","amount":37},
{"id":129,"userId":5,"symbol":"CVX","amount":124},
{"id":130,"userId":10,"symbol":"T","amount":149},
{"id":131,"userId":4,"symbol":"CMG","amount":100},
{"id":132,"userId":3,"symbol":"AMAT","amount":60},
{"id":133,"userId":7,"symbol":"AAPL","amount":111},
{"id":134,"userId":8,"symbol":"CTXS","amount":77},
{"id":135,"userId":6,"symbol":"CSCO","amount":105},
{"id":136,"userId":8,"symbol":"ADBE","amount":100},
{"id":137,"userId":1,"symbol":"T","amount":103},
{"id":138,"userId":7,"symbol":"C","amount":99},
{"id":139,"userId":4,"symbol":"BA","amount":115},
{"id":140,"userId":9,"symbol":"ADP","amount":124},
{"id":141,"userId":8,"symbol":"AIZ","amount":155},
{"id":142,"userId":9,"symbol":"APC","amount":95},
{"id":143,"userId":5,"symbol":"ADBE","amount":46},
{"id":144,"userId":1,"symbol":"BRK.B","amount":116},
{"id":145,"userId":7,"symbol":"T","amount":131},
{"id":146,"userId":9,"symbol":"AMZN","amount":131},
{"id":147,"userId":4,"symbol":"AIZ","amount":134},
{"id":148,"userId":7,"symbol":"MMM","amount":32},
{"id":149,"userId":4,"symbol":"C","amount":128},
{"id":150,"userId":8,"symbol":"AAP","amount":48},
{"id":151,"userId":4,"symbol":"AMAT","amount":152},
{"id":152,"userId":1,"symbol":"GOOGL","amount":102},
{"id":153,"userId":7,"symbol":"APC","amount":120},
{"id":154,"userId":6,"symbol":"ATVI","amount":92},
{"id":155,"userId":2,"symbol":"AMZN","amount":121},
{"id":156,"userId":8,"symbol":"CHD","amount":114},
{"id":157,"userId":5,"symbol":"CAT","amount":72},
{"id":158,"userId":4,"symbol":"AMZN","amount":147},
{"id":159,"userId":3,"symbol":"CMG","amount":119},
{"id":160,"userId":1,"symbol":"AAPL","amount":109},
{"id":161,"userId":7,"symbol":"GOOG","amount":99},
{"id":162,"userId":6,"symbol":"AMGN","amount":151},
{"id":163,"userId":5,"symbol":"AMZN","amount":65},
{"id":164,"userId":10,"symbol":"AMAT","amount":165},
{"id":165,"userId":9,"symbol":"AME","amount":30},
{"id":166,"userId":3,"symbol":"BBT","amount":127},
{"id":167,"userId":4,"symbol":"ADBE","amount":67},
{"id":168,"userId":2,"symbol":"CAT","amount":69},
{"id":169,"userId":4,"symbol":"CTXS","amount":147},
{"id":170,"userId":4,"symbol":"AAPL","amount":114},
{"id":171,"userId":10,"symbol":"CVX","amount":50},
{"id":172,"userId":5,"symbol":"BAC","amount":85},
{"id":173,"userId":8,"symbol":"AWK","amount":154},
{"id":174,"userId":4,"symbol":"BWA","amount":89},
{"id":175,"userId":9,"symbol":"GOOGL","amount":55},
{"id":176,"userId":1,"symbol":"C","amount":163},
{"id":177,"userId":4,"symbol":"AAP","amount":151},
{"id":178,"userId":2,"symbol":"BBT","amount":118},
{"id":179,"userId":9,"symbol":"GOOG","amount":161},
{"id":180,"userId":9,"symbol":"AIG","amount":100},
{"id":181,"userId":8,"symbol":"CHD","amount":48},
{"id":182,"userId":7,"symbol":"BRK.B","amount":127},
{"id":183,"userId":9,"symbol":"AIG","amount":78},
{"id":184,"userId":6,"symbol":"GOOGL","amount":123},
{"id":185,"userId":2,"symbol":"CTXS","amount":202},
{"id":186,"userId":5,"symbol":"CHD","amount":201},
{"id":187,"userId":1,"symbol":"CHTR","amount":154},
{"id":188,"userId":5,"symbol":"CSCO","amount":87},
{"id":189,"userId":3,"symbol":"AAPL","amount":112},
{"id":190,"userId":2,"symbol":"MMM","amount":149},
{"id":191,"userId":9,"symbol":"T","amount":92},
{"id":192,"userId":8,"symbol":"AWK","amount":101},
{"id":193,"userId":10,"symbol":"AAPL","amount":77},
{"id":194,"userId":1,"symbol":"AAPL","amount":121},
{"id":195,"userId":7,"symbol":"CCL","amount":87},
{"id":196,"userId":9,"symbol":"CSCO","amount":105},
{"id":197,"userId":8,"symbol":"AIG","amount":89},
{"id":198,"userId":8,"symbol":"AXP","amount":48},
{"id":199,"userId":8,"symbol":"CSCO","amount":64},
{"id":200,"userId":2,"symbol":"BAC","amount":119}]